Title,Authors,url,Keywords
PENNI: Pruned Kernel Sharing for Efficient CNN Inference,"['Shiyu Li', ' Edward Hanson', ' Hai Li', ' Yiran Chen']",https://icml.cc/virtual/2020/poster/6232,[]
Constant Curvature Graph Convolutional Networks,"['Gregor Bachmann', ' Gary Becigneul', ' Octavian Ganea']",https://icml.cc/virtual/2020/poster/6615,[]
Controlling Overestimation Bias with Truncated Mixture of Continuous Distributional Quantile Critics,"['Arsenii Kuznetsov', ' Pavel Shvechikov', ' Alexander Grishin', ' Dmitry Vetrov']",https://icml.cc/virtual/2020/poster/6846,[]
Student Specialization in Deep Rectified Networks With Finite Width and Input Dimension,['Yuandong Tian'],https://icml.cc/virtual/2020/poster/6344,[]
Stochastic Optimization for Regularized Wasserstein Estimators,"['Marin Ballu', ' Quentin Berthet', ' Francis Bach']",https://icml.cc/virtual/2020/poster/6517,[]
"Small Data, Big Decisions: Model Selection in the Small-Data Regime","['Jorg Bornschein', ' Francesco Visin', ' Simon Osindero']",https://icml.cc/virtual/2020/poster/6850,[]
Infinite attention: NNGP and NTK for deep attention networks,"['Jiri Hron', ' Yasaman Bahri', ' Jascha Sohl-Dickstein', ' Roman Novak']",https://icml.cc/virtual/2020/poster/6526,[]
LazyIter: A Fast Algorithm for Counting Markov Equivalent DAGs and Designing Experiments,"['Ali Teshnizi', ' Saber Salehkaleybar', ' Negar Kiyavash']",https://icml.cc/virtual/2020/poster/5920,[]
Adaptive Sampling for Estimating Probability Distributions,"['Shubhanshu Shekhar', ' Tara Javidi', ' Mohammad Ghavamzadeh']",https://icml.cc/virtual/2020/poster/6627,[]
FR-Train: A Mutual Information-Based Approach to Fair and Robust Training,"['Yuji Roh', ' Kangwook Lee', ' Steven Whang', ' Changho Suh']",https://icml.cc/virtual/2020/poster/6025,[]
"Estimating Q(s,s') with Deep Deterministic Dynamics Gradients","['Ashley Edwards', ' Himanshu Sahni', ' Rosanne Liu', ' Jane Hung', ' Ankit Jain', ' Rui Wang', ' Adrien Ecoffet', ' Thomas Miconi', ' Charles Isbell', ' Jason Yosinski']",https://icml.cc/virtual/2020/poster/6719,[]
Scalable Deep Generative Modeling for Sparse Graphs,"['Hanjun Dai', ' Azade Nazi', ' Yujia Li', ' Bo Dai', ' Dale Schuurmans']",https://icml.cc/virtual/2020/poster/6334,[]
Universal Asymptotic Optimality of Polyak Momentum,"['Damien Scieur', ' Fabian Pedregosa']",https://icml.cc/virtual/2020/poster/5816,[]
Model-free Reinforcement Learning in Infinite-horizon Average-reward Markov Decision Processes,"['Chen-Yu Wei', ' Mehdi Jafarnia', ' Haipeng Luo', ' Hiteshi Sharma', ' Rahul Jain']",https://icml.cc/virtual/2020/poster/6520,[]
Implicit competitive regularization in GANs,"['Florian Schaefer', ' Hongkai Zheng', ' Anima Anandkumar']",https://icml.cc/virtual/2020/poster/6721,[]
Deep Gaussian Markov Random Fields,"['Per Sidén', ' Fredrik Lindsten']",https://icml.cc/virtual/2020/poster/6564,[]
Online Control of the False Coverage Rate and False Sign Rate,"['Asaf Weinstein', ' Aaditya Ramdas']",https://icml.cc/virtual/2020/poster/6560,[]
Attentive Group Equivariant Convolutional Networks,"['David Romero', ' Erik Bekkers', ' Jakub Tomczak', ' Mark Hoogendoorn']",https://icml.cc/virtual/2020/poster/6467,[]
Deep k-NN for Noisy Labels,"['Dara Bahri', ' Heinrich Jiang', ' Maya Gupta']",https://icml.cc/virtual/2020/poster/6174,[]
Gamification of Pure Exploration for Linear Bandits,"['Rémy Degenne', ' Pierre Menard', ' Xuedong Shang', ' Michal Valko']",https://icml.cc/virtual/2020/poster/6506,[]
Optimal Randomized First-Order Methods for Least-Squares Problems,"['Jonathan Lacotte', ' Mert Pilanci']",https://icml.cc/virtual/2020/poster/6353,[]
On the Power of Compressed Sensing with Generative Models,"['Akshay Kamath', ' Eric Price', ' Sushrut Karmalkar']",https://icml.cc/virtual/2020/poster/6479,[]
Minimax Pareto Fairness: A Multi Objective Perspective,"['Natalia Martinez Gil', ' Martin Bertran', ' Guillermo Sapiro']",https://icml.cc/virtual/2020/poster/5925,[]
A Generative Model for Molecular Distance Geometry,"['Gregor Simm', ' Jose Miguel Hernandez-Lobato']",https://icml.cc/virtual/2020/poster/6383,[]
Learning Calibratable Policies using Programmatic Style-Consistency,"['Eric Zhan', ' Albert Tseng', ' Yisong Yue', ' Adith Swaminathan', ' Matthew Hausknecht']",https://icml.cc/virtual/2020/poster/6229,[]
Efficient Domain Generalization via Common-Specific Low-Rank Decomposition,"['Vihari Piratla', ' Praneeth Netrapalli', ' Sunita Sarawagi']",https://icml.cc/virtual/2020/poster/6528,[]
Convergence of a Stochastic Gradient Method with Momentum for Non-Smooth Non-Convex Optimization,"['Vien Mai', ' Mikael Johansson']",https://icml.cc/virtual/2020/poster/6458,[]
Estimating the Number and Effect Sizes of Non-null Hypotheses,"['Jennifer Brennan', ' Ramya Korlakai Vinayak', ' Kevin Jamieson']",https://icml.cc/virtual/2020/poster/6165,[]
Hierarchical Generation of Molecular Graphs using Structural Motifs,"['Wengong Jin', ' Regina Barzilay', ' Tommi Jaakkola']",https://icml.cc/virtual/2020/poster/6213,[]
Optimizing Data Usage via Differentiable Rewards,"['Xinyi Wang', ' Hieu Pham', ' Paul Michel', ' Antonios Anastasopoulos', ' Jaime Carbonell', ' Graham Neubig']",https://icml.cc/virtual/2020/poster/5889,[]
Normalized Flat Minima: Exploring Scale Invariant Definition of Flat Minima for Neural Networks Using PAC-Bayesian Analysis,"['Yusuke Tsuzuku', ' Issei Sato', ' Masashi Sugiyama']",https://icml.cc/virtual/2020/poster/6348,[]
FedBoost: A Communication-Efficient Algorithm for Federated Learning,"['Jenny Hamer', ' Mehryar Mohri', ' Ananda Theertha Suresh']",https://icml.cc/virtual/2020/poster/6733,[]
Online mirror descent and dual averaging: keeping pace in the dynamic case,"['Huang Fang', ' Nick Harvey', ' Victor Sanches Portella', ' Michael Friedlander']",https://icml.cc/virtual/2020/poster/6068,[]
Optimizing Dynamic Structures with Bayesian Generative Search,"['Minh Hoang', ' Carleton Kingsford']",https://icml.cc/virtual/2020/poster/6573,[]
Contrastive Multi-View Representation Learning on Graphs,"['Kaveh Hassani', ' Amir Hosein Khasahmadi']",https://icml.cc/virtual/2020/poster/6085,[]
Implicit Euler Skip Connections: Enhancing Adversarial Robustness via Numerical Stability,"['Mingjie Li', ' Lingshen He', ' Zhouchen Lin']",https://icml.cc/virtual/2020/poster/5818,[]
XtarNet: Learning to Extract Task-Adaptive Representation for Incremental Few-Shot Learning,"['Sung Whan Yoon', ' Do-Yeon Kim', ' Jun Seo', ' Jaekyun Moon']",https://icml.cc/virtual/2020/poster/6852,[]
One Policy to Control Them All: Shared Modular Policies for Agent-Agnostic Control,"['Wenlong Huang', ' Igor Mordatch', ' Deepak Pathak']",https://icml.cc/virtual/2020/poster/6549,[]
Proper Network Interpretability Helps Adversarial Robustness in Classification,"['Akhilan Boopathy', ' Sijia Liu', ' Gaoyuan Zhang', ' Cynthia Liu', ' Pin-Yu Chen', ' Shiyu Chang', ' Luca Daniel']",https://icml.cc/virtual/2020/poster/6031,[]
DeepCoDA: personalized interpretability for compositional health data,"['Thomas Quinn', ' Dang Nguyen', ' Santu Rana', ' Sunil Gupta', ' Svetha Venkatesh']",https://icml.cc/virtual/2020/poster/6328,[]
Provably Convergent Two-Timescale Off-Policy Actor-Critic with Function Approximation,"['Shangtong Zhang', ' Bo Liu', ' Hengshuai Yao', ' Shimon Whiteson']",https://icml.cc/virtual/2020/poster/5837,[]
Neural Architecture Search in A Proxy Validation Loss Landscape,"['Yanxi Li', ' Minjing Dong', ' Yunhe Wang', ' Chang Xu']",https://icml.cc/virtual/2020/poster/5824,[]
Predictive Multiplicity in Classification,"['Charles Marx', ' Flavio Calmon', ' Berk Ustun']",https://icml.cc/virtual/2020/poster/6624,[]
Simultaneous Inference for Massive Data: Distributed Bootstrap,"['Yang Yu', ' Shih-Kang Chao', ' Guang Cheng']",https://icml.cc/virtual/2020/poster/6606,[]
Label-Noise Robust Domain Adaptation,"['Xiyu Yu', ' Tongliang Liu', ' Mingming Gong', ' Kun Zhang', ' Kayhan Batmanghelich', ' Dacheng Tao']",https://icml.cc/virtual/2020/poster/6080,[]
Invariant Risk Minimization Games,"['Kartik Ahuja', ' Karthikeyan Shanmugam', ' Kush Varshney', ' Amit Dhurandhar']",https://icml.cc/virtual/2020/poster/6221,[]
Message Passing Least Squares Framework and its Application to Rotation Synchronization,"['Yunpeng Shi', ' Gilad Lerman']",https://icml.cc/virtual/2020/poster/6785,[]
Extra-gradient with player sampling for faster convergence in n-player games,"['Samy Jelassi', ' Carles Domingo-Enrich', ' Damien Scieur', ' Arthur Mensch', ' Joan Bruna']",https://icml.cc/virtual/2020/poster/6016,[]
“Other-Play” for Zero-Shot Coordination,"['Hengyuan Hu', ' Alexander Peysakhovich', ' Adam Lerer', ' Jakob Foerster']",https://icml.cc/virtual/2020/poster/6641,[]
Single Point Transductive Prediction,"['Nilesh Tripuraneni', ' Lester Mackey']",https://icml.cc/virtual/2020/poster/6309,[]
Knowing The What But Not The Where in Bayesian Optimization,"['Vu Nguyen', ' Michael A Osborne']",https://icml.cc/virtual/2020/poster/6137,[]
A general recurrent state space framework for modeling neural dynamics during decision-making,"['David Zoltowski', ' Jonathan Pillow', ' Scott Linderman']",https://icml.cc/virtual/2020/poster/6043,[]
The Shapley Taylor Interaction Index,"['Mukund Sundararajan', ' Kedar Dhamdhere', ' Ashish Agarwal']",https://icml.cc/virtual/2020/poster/5853,[]
Thompson Sampling Algorithms for Mean-Variance Bandits,"['Qiuyu Zhu', ' Vincent Tan']",https://icml.cc/virtual/2020/poster/6010,[]
Provable Smoothness Guarantees for Black-Box Variational Inference,['Justin Domke'],https://icml.cc/virtual/2020/poster/5778,[]
CURL: Contrastive Unsupervised Representations for Reinforcement Learning,"['Michael Laskin', ' Aravind Srinivas', ' Pieter Abbeel']",https://icml.cc/virtual/2020/poster/6729,[]
Asynchronous Coagent Networks,"['James Kostas', ' Chris Nota', ' Philip Thomas']",https://icml.cc/virtual/2020/poster/5899,[]
UniLMv2: Pseudo-Masked Language Models for Unified Language Model Pre-Training,"['Hangbo Bao', ' Li Dong', ' Furu Wei', ' Wenhui Wang', ' Nan Yang', ' Xiaodong Liu', ' Yu Wang', ' Jianfeng Gao', ' Songhao Piao', ' Ming Zhou', ' Hsiao-Wuen Hon']",https://icml.cc/virtual/2020/poster/6417,[]
Parameterized Rate-Distortion Stochastic Encoder,"['Quan Hoang', ' Trung Le', ' Dinh Phung']",https://icml.cc/virtual/2020/poster/6252,[]
Learning Adversarially Robust Representations via Worst-Case Mutual Information Maximization,"['Sicheng Zhu', ' Xiao Zhang', ' David Evans']",https://icml.cc/virtual/2020/poster/6604,[]
Self-Concordant Analysis of Frank-Wolfe Algorithms,"['Pavel Dvurechenskii', ' Petr Ostroukhov', ' Kamil Safin', ' Shimrit Shtern', ' Mathias Staudigl']",https://icml.cc/virtual/2020/poster/6125,[]
Overfitting in adversarially robust deep learning,"['Leslie Rice', ' Eric Wong', ' Zico Kolter']",https://icml.cc/virtual/2020/poster/6258,[]
"Calibration, Entropy Rates, and Memory in Language Models","['Mark Braverman', ' Xinyi Chen', ' Sham Kakade', ' Karthik Narasimhan', ' Cyril Zhang', ' Yi Zhang']",https://icml.cc/virtual/2020/poster/6034,[]
Efficiently Solving MDPs with Stochastic Mirror Descent,"['Yujia Jin', ' Aaron Sidford']",https://icml.cc/virtual/2020/poster/6820,[]
Causal Strategic Linear Regression,"['Yonadav Shavit', ' Benjamin Edelman', ' Brian Axelrod']",https://icml.cc/virtual/2020/poster/6654,[]
Linear Lower Bounds and Conditioning of Differentiable Games,"['Adam Ibrahim', ' Waïss Azizian', ' Gauthier Gidel', ' Ioannis Mitliagkas']",https://icml.cc/virtual/2020/poster/6357,[]
Goodness-of-Fit Tests for Inhomogeneous Random Graphs,"['Soham Dan', ' Bhaswar B. Bhattacharya']",https://icml.cc/virtual/2020/poster/5934,[]
Meta-learning for Mixed Linear Regression,"['Weihao Kong', ' Raghav Somani', ' Zhao Song', ' Sham Kakade', ' Sewoong Oh']",https://icml.cc/virtual/2020/poster/6753,[]
Learning Representations that Support Extrapolation,"['Taylor Webb', ' Zachary Dulberg', ' Steven Frankland', ' Alexander Petrov', "" Randall O'Reilly"", ' Jonathan Cohen']",https://icml.cc/virtual/2020/poster/6208,[]
Multinomial Logit Bandit with Low Switching Cost,"['Kefan Dong', ' Yingkai Li', ' Qin Zhang', ' Yuan Zhou']",https://icml.cc/virtual/2020/poster/5867,[]
Quadratically Regularized Subgradient Methods for Weakly Convex Optimization with Weakly Convex Constraints,"['Runchao Ma', ' Qihang Lin', ' Tianbao Yang']",https://icml.cc/virtual/2020/poster/6159,[]
Mix-n-Match : Ensemble and Compositional Methods for Uncertainty Calibration in Deep Learning,"['Jize Zhang', ' Bhavya Kailkhura', ' T. Yong-Jin Han']",https://icml.cc/virtual/2020/poster/6603,[]
Causal Modeling for Fairness In Dynamical Systems,"['Elliot Creager', ' David Madras', ' Toniann Pitassi', ' Richard Zemel']",https://icml.cc/virtual/2020/poster/6548,[]
Student-Teacher Curriculum Learning via Reinforcement Learning: Predicting Hospital Inpatient Admission Location,"['Rasheed El-Bouri', ' David Eyre', ' Peter Watkinson', ' Tingting Zhu', ' David Clifton']",https://icml.cc/virtual/2020/poster/6412,[]
A Unified Theory of Decentralized SGD with Changing Topology and Local Updates,"['Anastasiia Koloskova', ' Nicolas Loizou', ' Sadra Boreiri', ' Martin Jaggi', ' Sebastian Stich']",https://icml.cc/virtual/2020/poster/6533,[]
Stochastic Gauss-Newton Algorithms for Nonconvex Compositional Optimization,"['Quoc Tran-Dinh', ' Nhan H Pham', ' Lam Nguyen']",https://icml.cc/virtual/2020/poster/6048,[]
Training Binary Neural Networks using the Bayesian Learning Rule,"['Xiangming Meng', ' Roman Bachmann', ' Mohammad Emtiyaz Khan']",https://icml.cc/virtual/2020/poster/6823,[]
Non-separable Non-stationary random fields,"['Kangrui Wang', ' Oliver Hamelijnck', ' Theodoros Damoulas', ' Mark Steel']",https://icml.cc/virtual/2020/poster/6398,[]
Stochastic Differential Equations with Variational Wishart Diffusions,"['Martin Jørgensen', ' Marc Deisenroth', ' Hugh Salimbeni']",https://icml.cc/virtual/2020/poster/6149,[]
Distributionally Robust Policy Evaluation and Learning in Offline Contextual Bandits,"['Nian Si', ' Fan Zhang', ' Zhengyuan Zhou', ' Jose Blanchet']",https://icml.cc/virtual/2020/poster/6197,[]
The Tree Ensemble Layer: Differentiability meets Conditional Computation,"['Hussein Hazimeh', ' Natalia Ponomareva', ' Petros Mol', ' Zhenyu Tan', ' Rahul Mazumder']",https://icml.cc/virtual/2020/poster/6268,[]
Learning Deep Kernels for Non-Parametric Two-Sample Tests,"['Feng Liu', ' Wenkai Xu', ' Jie Lu', ' Guangquan Zhang', ' Arthur Gretton', ' D.J. Sutherland']",https://icml.cc/virtual/2020/poster/5999,[]
High-dimensional Robust Mean Estimation via Gradient Descent,"['Yu Cheng', ' Ilias Diakonikolas', ' Rong Ge', ' Mahdi Soltanolkotabi']",https://icml.cc/virtual/2020/poster/6824,[]
Stochastic bandits with arm-dependent delays,"['Anne Gael Manegueu', ' Claire Vernade', ' Alexandra Carpentier', ' Michal Valko']",https://icml.cc/virtual/2020/poster/6140,[]
Stochastic Regret Minimization in Extensive-Form Games,"['Gabriele Farina', ' Christian Kroer', ' Tuomas Sandholm']",https://icml.cc/virtual/2020/poster/6605,[]
Obtaining Adjustable Regularization for Free via Iterate Averaging,"['Jingfeng Wu', ' Vladimir Braverman', ' Lin Yang']",https://icml.cc/virtual/2020/poster/6220,[]
Do GANs always have Nash equilibria?,"['Farzan Farnia', ' Asuman Ozdaglar']",https://icml.cc/virtual/2020/poster/6066,[]
Maximum Entropy Gain Exploration for Long Horizon Multi-goal Reinforcement Learning,"['Silviu Pitis', ' Harris Chan', ' Stephen Zhao', ' Bradly Stadie', ' Jimmy Ba']",https://icml.cc/virtual/2020/poster/6622,[]
XTREME: A Massively Multilingual Multi-task Benchmark for Evaluating Cross-lingual Generalisation,"['Junjie Hu', ' Sebastian Ruder', ' Aditya Siddhant', ' Graham Neubig', ' Orhan Firat', ' Melvin Johnson']",https://icml.cc/virtual/2020/poster/6459,[]
Scalable Gaussian Process Separation for Kernels with a Non-Stationary Phase,"['Jan Graßhoff', ' Alexandra Jankowski', ' Philipp Rostalski']",https://icml.cc/virtual/2020/poster/6201,[]
Accountable Off-Policy Evaluation With Kernel Bellman Statistics,"['Yihao Feng', ' Tongzheng Ren', ' Ziyang Tang', ' Qiang Liu']",https://icml.cc/virtual/2020/poster/6683,[]
Adversarial Attacks on Probabilistic Autoregressive Forecasting Models,"['Raphaël Dang-Nhu', ' Gagandeep Singh', ' Pavol Bielik', ' Martin Vechev']",https://icml.cc/virtual/2020/poster/5838,[]
Learning Structured Latent Factors from Dependent Data:A Generative Model Framework from Information-Theoretic Perspective,"['Ruixiang ZHANG', ' Masanori Koyama', ' Katsuhiko Ishiguro']",https://icml.cc/virtual/2020/poster/5931,[]
Robust One-Bit Recovery via ReLU Generative Networks: Near-Optimal Statistical Rate and Global Landscape Analysis,"['Shuang Qiu', ' Xiaohan Wei', ' Zhuoran Yang']",https://icml.cc/virtual/2020/poster/6772,[]
Sets Clustering,"['Ibrahim Jubran', ' Murad Tukan', ' Alaa Maalouf', ' Dan Feldman']",https://icml.cc/virtual/2020/poster/6396,[]
Learning Efficient Multi-agent Communication: An Information Bottleneck Approach,"['Rundong Wang', ' Xu He', ' Runsheng Yu', ' Wei Qiu', ' Bo An', ' Zinovi Rabinovich']",https://icml.cc/virtual/2020/poster/5864,[]
Communication-Efficient Distributed Stochastic AUC Maximization with Deep Neural Networks,"['Zhishuai Guo', ' Mingrui Liu', ' Zhuoning Yuan', ' Li Shen', ' Wei Liu', ' Tianbao Yang']",https://icml.cc/virtual/2020/poster/5990,[]
One-shot Distributed Ridge Regression in High Dimensions,"['Yue Sheng', ' Edgar Dobriban']",https://icml.cc/virtual/2020/poster/5844,[]
Doubly Stochastic Variational Inference for Neural Processes with Hierarchical Latent Variables,"['Qi Wang', ' Herke van Hoof']",https://icml.cc/virtual/2020/poster/6122,[]
Learning Optimal Tree Models under Beam Search,"['Jingwei Zhuo', ' Ziru Xu', ' Wei Dai', ' Han Zhu', ' HAN LI', ' Jian Xu', ' Kun Gai']",https://icml.cc/virtual/2020/poster/6164,[]
Safe Reinforcement Learning in Constrained Markov Decision Processes,"['Akifumi Wachi', ' Yanan Sui']",https://icml.cc/virtual/2020/poster/5904,[]
Learning to Combine Top-Down and Bottom-Up Signals in Recurrent Neural Networks with Attention over Modules,"['Sarthak Mittal', ' Alex Lamb', ' Anirudh Goyal', ' Vikram Voleti', ' Murray Shanahan', ' Guillaume Lajoie', ' Michael Mozer', ' Yoshua Bengio']",https://icml.cc/virtual/2020/poster/6039,[]
Acceleration for Compressed Gradient Descent in Distributed and Federated Optimization,"['Zhize Li', ' Dmitry Kovalev', ' Xun Qian', ' Peter Richtarik']",https://icml.cc/virtual/2020/poster/6191,[]
Cost-Effective Interactive Attention Learning with Neural Attention Processes,"['Jay Heo', ' Junhyeon Park', ' Hyewon Jeong', ' Kwang Joon Kim', ' Juho Lee', ' Eunho Yang', ' Sung Ju Hwang']",https://icml.cc/virtual/2020/poster/5848,[]
On the Theoretical Properties of the Network Jackknife,"['Qiaohui Lin', ' Robert Lunde', ' Purnamrita Sarkar']",https://icml.cc/virtual/2020/poster/6756,[]
Estimating the Error of Randomized Newton Methods: A Bootstrap Approach,"['Miles Lopes', ' Jessie X.T. Chen']",https://icml.cc/virtual/2020/poster/6743,[]
Neural Datalog Through Time: Informed Temporal Modeling via Logical Specification,"['Hongyuan Mei', ' Guanghui Qin', ' Minjie Xu', ' Jason Eisner']",https://icml.cc/virtual/2020/poster/6481,[]
Collapsed Amortized Variational Inference for Switching Nonlinear Dynamical Systems,"['Zhe Dong', ' Bryan Seybold', ' Kevin Murphy', ' Hung Bui']",https://icml.cc/virtual/2020/poster/6669,[]
Learning to Branch for Multi-Task Learning,"['Pengsheng Guo', ' Chen-Yu Lee', ' Daniel Ulbricht']",https://icml.cc/virtual/2020/poster/6596,[]
Adaptive Reward-Poisoning Attacks against Reinforcement Learning,"['Xuezhou Zhang', ' Yuzhe Ma', ' Adish Singla', ' Jerry Zhu']",https://icml.cc/virtual/2020/poster/6555,[]
Inverse Active Sensing: Modeling and Understanding Timely Decision-Making,"['Daniel Jarrett', ' Mihaela van der Schaar']",https://icml.cc/virtual/2020/poster/6463,[]
Inductive-bias-driven Reinforcement Learning For Efficient Schedules in Heterogeneous Clusters,"['Subho Banerjee', ' Saurabh Jha', ' Zbigniew Kalbarczyk', ' Ravishankar Iyer']",https://icml.cc/virtual/2020/poster/6484,[]
AutoGAN-Distiller: Searching to Compress Generative Adversarial Networks,"['Yonggan Fu', ' Wuyang Chen', ' Haotao Wang', ' Haoran Li', ' Yingyan Lin', ' Zhangyang Wang']",https://icml.cc/virtual/2020/poster/6553,[]
Symbolic Network: Generalized Neural Policies for Relational MDPs,"['Sankalp Garg', ' Aniket Bajpai', ' Mausam']",https://icml.cc/virtual/2020/poster/5784,[]
Set Functions for Time Series,"['Max Horn', ' Michael Moor', ' Christian Bock', ' Bastian Rieck', ' Karsten Borgwardt']",https://icml.cc/virtual/2020/poster/6545,[]
Near-optimal Regret Bounds for Stochastic Shortest Path,"['Aviv Rosenberg', ' Alon Cohen', ' Yishay Mansour', ' Haim Kaplan']",https://icml.cc/virtual/2020/poster/6432,[]
DINO: Distributed Newton-Type Optimization Method,"['Rixon Crane', ' Fred Roosta']",https://icml.cc/virtual/2020/poster/6101,[]
An end-to-end approach for the verification problem: learning the right distance,"['Joao Monteiro', ' Isabela Albuquerque', ' Jahangir Alam', ' R Devon Hjelm', ' Tiago Falk']",https://icml.cc/virtual/2020/poster/6275,[]
Do We Really Need to Access the Source Data? Source Hypothesis Transfer for Unsupervised Domain Adaptation,"['Jian Liang', ' Dapeng Hu', ' Jiashi Feng']",https://icml.cc/virtual/2020/poster/5793,[]
Correlation Clustering with Asymmetric Classification Errors,"['Jafar Jafarov', ' Sanchit Kalhan', ' Konstantin Makarychev', ' Yury Makarychev']",https://icml.cc/virtual/2020/poster/6642,[]
Fast and Three-rious: Speeding Up Weak Supervision with Triplet Methods,"['Dan Fu', ' Mayee Chen', ' Frederic Sala', ' Sarah Hooper', ' Kayvon Fatahalian', ' Christopher Re']",https://icml.cc/virtual/2020/poster/6736,[]
Online Bayesian Moment Matching based SAT Solver Heuristics,"['Haonan Duan', ' Saeed Nejati', ' George Trimponias', ' Pascal Poupart', ' Vijay Ganesh']",https://icml.cc/virtual/2020/poster/6731,[]
Debiased Sinkhorn barycenters,"['Hicham Janati', ' Marco Cuturi', ' Alexandre Gramfort']",https://icml.cc/virtual/2020/poster/6012,[]
Scalable Nearest Neighbor Search for Optimal Transport,"['Arturs Backurs', ' Yihe Dong', ' Piotr Indyk', ' Ilya Razenshteyn', ' Tal Wagner']",https://icml.cc/virtual/2020/poster/6078,[]
Interpretable Off-Policy Evaluation in Reinforcement Learning by Highlighting Influential Transitions,"['Omer Gottesman', ' Joseph Futoma', ' Yao Liu', ' Sonali Parbhoo', ' Leo Celi', ' Emma Brunskill', ' Finale Doshi-Velez']",https://icml.cc/virtual/2020/poster/6723,[]
DeBayes: a Bayesian Method for Debiasing Network Embeddings,"['Maarten Buyl', ' Tijl De Bie']",https://icml.cc/virtual/2020/poster/6000,[]
Supervised Quantile Normalization for Low Rank Matrix Factorization,"['Marco Cuturi', ' Olivier Teboul', ' Jonathan Niles-Weed', ' Jean-Philippe Vert']",https://icml.cc/virtual/2020/poster/6638,[]
Evaluating Machine Accuracy on ImageNet,"['Vaishaal Shankar', ' Rebecca Roelofs', ' Horia Mania', ' Alex Fang', ' Benjamin Recht', ' Ludwig Schmidt']",https://icml.cc/virtual/2020/poster/6766,[]
Inexact Tensor Methods with Dynamic Accuracies,"['Nikita Doikov', ' Yurii Nesterov']",https://icml.cc/virtual/2020/poster/6420,[]
Neural Network Control Policy Verification With Persistent Adversarial Perturbation,"['Yuh-Shyang Wang', ' Tsui-Wei Weng', ' Luca Daniel']",https://icml.cc/virtual/2020/poster/6716,[]
Balancing Competing Objectives with Noisy Data: Score-Based Classifiers for Welfare-Aware Machine Learning,"['Esther Rolf', ' Max Simchowitz', ' Sarah Dean', ' Lydia T. Liu', ' Daniel Bjorkegren', ' Moritz Hardt', ' Joshua Blumenstock']",https://icml.cc/virtual/2020/poster/6694,[]
Robustifying Sequential Neural Processes,"['Jaesik Yoon', ' Gautam Singh', ' Sungjin Ahn']",https://icml.cc/virtual/2020/poster/6572,[]
Harmonic Decompositions of Convolutional Networks,"['Meyer Scetbon', ' Zaid Harchaoui']",https://icml.cc/virtual/2020/poster/6178,[]
A Graph to Graphs Framework for Retrosynthesis Prediction,"['Chence Shi', ' Minkai Xu', ' Hongyu Guo', ' Ming Zhang', ' Jian Tang']",https://icml.cc/virtual/2020/poster/6449,[]
A Game Theoretic Framework for Model Based Reinforcement Learning,"['Aravind Rajeswaran', ' Igor Mordatch', ' Vikash Kumar']",https://icml.cc/virtual/2020/poster/6314,[]
Coresets for Clustering in Graphs of Bounded Treewidth,"['Daniel Baker', ' Vladimir Braverman', ' Lingxiao Huang', ' Shaofeng H.-C. Jiang', ' Robert Krauthgamer', ' Xuan Wu']",https://icml.cc/virtual/2020/poster/6114,[]
Generalization and Representational Limits of Graph Neural Networks,"['Vikas K Garg', ' Stefanie Jegelka', ' Tommi Jaakkola']",https://icml.cc/virtual/2020/poster/6249,[]
On hyperparameter tuning in general clustering problemsm,"['Xinjie Fan', ' Yuguang Yue', ' Purnamrita Sarkar', ' Y. X. Rachel Wang']",https://icml.cc/virtual/2020/poster/5989,[]
SCAFFOLD: Stochastic Controlled Averaging for Federated Learning,"['Sai Praneeth Reddy Karimireddy', ' Satyen Kale', ' Mehryar Mohri', ' Sashank Jakkam Reddi', ' Sebastian Stich', ' Ananda Theertha Suresh']",https://icml.cc/virtual/2020/poster/5880,[]
Faster Graph Embeddings via Coarsening,"['Matthew Fahrbach', ' Gramoz Goranci', ' Richard Peng', ' Sushant Sachdeva', ' Chi Wang']",https://icml.cc/virtual/2020/poster/6630,[]
On Leveraging Pretrained GANs for Generation with Limited Data,"['Miaoyun Zhao', ' Yulai Cong', ' Lawrence Carin']",https://icml.cc/virtual/2020/poster/5942,[]
My Fair Bandit: Distributed Learning of Max-Min Fairness with Multi-player Bandits,"['Ilai Bistritz', ' Tavor Z Baharav', ' Amir Leshem', ' Nicholas Bambos']",https://icml.cc/virtual/2020/poster/5766,[]
Communication-Efficient Distributed PCA by Riemannian Optimization,"['Long-Kai Huang', ' Jialin Pan']",https://icml.cc/virtual/2020/poster/6359,[]
Ordinal Non-negative Matrix Factorization for Recommendation,"['Olivier Gouvert', ' Thomas Oberlin', ' Cedric Fevotte']",https://icml.cc/virtual/2020/poster/6513,[]
LowFER: Low-rank Bilinear Pooling for Link Prediction,"['Saadullah Amin', ' Stalin Varanasi', ' Katherine Ann Dunfield', ' Günter Neumann']",https://icml.cc/virtual/2020/poster/6251,[]
Online Dense Subgraph Discovery via Blurred-Graph Feedback,"['Yuko Kuroki', ' Atsushi Miyauchi', ' Junya Honda', ' Masashi Sugiyama']",https://icml.cc/virtual/2020/poster/5919,[]
Safe screening rules for L0-regression from Perspective Relaxations,"['Alper Atamturk', ' Andres Gomez']",https://icml.cc/virtual/2020/poster/6308,[]
Retrieval Augmented Language Model Pre-Training,"['Kelvin Guu', ' Kenton Lee', ' Zora Tung', ' Panupong Pasupat', ' Mingwei Chang']",https://icml.cc/virtual/2020/poster/6294,[]
Piecewise Linear Regression via a Difference of Convex Functions,"['Ali Siahkamari', ' Aditya Gangrade', ' Brian Kulis', ' Venkatesh Saligrama']",https://icml.cc/virtual/2020/poster/6667,[]
Improving Robustness of Deep-Learning-Based Image Reconstruction,"['Ankit Raj', ' Yoram Bresler', ' Bo Li']",https://icml.cc/virtual/2020/poster/6782,[]
Maximum-and-Concatenation Networks,"['Xingyu Xie', ' Hao Kong', ' Jianlong Wu', ' Wayne Zhang', ' Guangcan Liu', ' Zhouchen Lin']",https://icml.cc/virtual/2020/poster/5891,[]
Meta-Learning with Shared Amortized Variational Inference,"['Ekaterina Iakovleva', ' Jakob Verbeek', ' Karteek Alahari']",https://icml.cc/virtual/2020/poster/6439,[]
Online Learning with Dependent Stochastic Feedback Graphs,"['Corinna Cortes', ' Giulia DeSalvo', ' Claudio Gentile', ' Mehryar Mohri', ' Ningshan Zhang']",https://icml.cc/virtual/2020/poster/6538,[]
The Usual Suspects? Reassessing Blame for VAE Posterior Collapse,"['Bin Dai', ' Ziyu Wang', ' David Wipf']",https://icml.cc/virtual/2020/poster/6433,[]
LP-SparseMAP: Differentiable Relaxed Optimization for Sparse Structured Prediction,"['Vlad Niculae', ' Andre Filipe Torres Martins']",https://icml.cc/virtual/2020/poster/6518,[]
Generalization Guarantees for Sparse Kernel Approximation with Entropic Optimal Features,"['Liang Ding', ' Rui Tuo', ' Shahin Shahrampour']",https://icml.cc/virtual/2020/poster/6032,[]
"Reinforcement Learning in Feature Space: Matrix Bandit, Kernels, and Regret Bound","['Lin Yang', ' Mengdi Wang']",https://icml.cc/virtual/2020/poster/6224,[]
Scalable and Efficient Comparison-based Search without Features,"['Daniyar Chumbalov', ' Lucas Maystre', ' Matthias Grossglauser']",https://icml.cc/virtual/2020/poster/6160,[]
Double Trouble in Double Descent: Bias and Variance(s) in the Lazy Regime,"[""Stéphane d'Ascoli"", ' Maria Refinetti', ' Giulio Biroli', ' Florent Krzakala']",https://icml.cc/virtual/2020/poster/6013,[]
Spectral Clustering with Graph Neural Networks for Graph Pooling,"['Filippo Maria Bianchi', ' Daniele Grattarola', ' Cesare Alippi']",https://icml.cc/virtual/2020/poster/6018,[]
Bayesian Differential Privacy for Machine Learning,"['Aleksei Triastcyn', ' Boi Faltings']",https://icml.cc/virtual/2020/poster/6547,[]
Learning to Score Behaviors for Guided Policy Optimization,"['Aldo Pacchiano', ' Jack Parker-Holder', ' Yunhao Tang', ' Krzysztof Choromanski', ' Anna Choromanska', ' Michael Jordan']",https://icml.cc/virtual/2020/poster/6184,[]
The Non-IID Data Quagmire of Decentralized Machine Learning,"['Kevin Hsieh', ' Amar Phanishayee', ' Onur Mutlu', ' Phillip Gibbons']",https://icml.cc/virtual/2020/poster/6306,[]
Reducing Sampling Error in Batch Temporal Difference Learning,"['Brahma Pavse', ' Ishan Durugkar', ' Josiah Hanna', ' Peter Stone']",https://icml.cc/virtual/2020/poster/6626,[]
Spread Divergence,"['Mingtian Zhang', ' Peter Hayes', ' Thomas Bird', ' Raza Habib', ' David Barber']",https://icml.cc/virtual/2020/poster/6040,[]
Frequency Bias in Neural Networks for Input of Non-Uniform Density,"['Ronen Basri', ' Meirav Galun', ' Amnon Geifman', ' David Jacobs', ' Yoni Kasten', ' Shira Kritchman']",https://icml.cc/virtual/2020/poster/6225,[]
GNN-FiLM: Graph Neural Networks with Feature-wise Linear Modulation,['Marc Brockschmidt'],https://icml.cc/virtual/2020/poster/5897,[]
Channel Equilibrium Networks for Learning Deep Representation,"['Wenqi Shao', ' Shitao Tang', ' Xingang Pan', ' Ping Tan', ' Xiaogang Wang', ' Ping Luo']",https://icml.cc/virtual/2020/poster/5849,[]
Adversarial Learning Guarantees for Linear Hypotheses and Neural Networks,"['Pranjal Awasthi', ' Natalie Frank', ' Mehryar Mohri']",https://icml.cc/virtual/2020/poster/6477,[]
"Uncertainty quantification for nonconvex tensor completion: Confidence intervals, heteroscedasticity and optimality","['Changxiao Cai', ' H. Vincent Poor', ' Yuxin Chen']",https://icml.cc/virtual/2020/poster/6646,[]
Distribution Augmentation for Generative Modeling,"['Heewoo Jun', ' Rewon Child', ' Mark Chen', ' John Schulman', ' Aditya Ramesh', ' Alec Radford', ' Ilya Sutskever']",https://icml.cc/virtual/2020/poster/6748,[]
Multi-Task Learning with User Preferences: Gradient Descent with Controlled Ascent in Pareto Optimization,"['Debabrata Mahapatra', ' Vaibhav Rajan']",https://icml.cc/virtual/2020/poster/6375,[]
Certified Robustness to Label-Flipping Attacks via Randomized Smoothing,"['Elan Rosenfeld', ' Ezra Winston', ' Pradeep Ravikumar', ' Zico Kolter']",https://icml.cc/virtual/2020/poster/6172,[]
More Data Can Expand The Generalization Gap Between Adversarially Robust and Standard Models,"['Lin Chen', ' Yifei Min', ' Mingrui Zhang', ' Amin Karbasi']",https://icml.cc/virtual/2020/poster/5943,[]
Time-Consistent Self-Supervision for Semi-Supervised Learning,"['Tianyi Zhou', ' Shengjie Wang', ' Jeff Bilmes']",https://icml.cc/virtual/2020/poster/6671,[]
Distributed Online Optimization over a Heterogeneous Network,"['Nima Eshraghi', ' Ben Liang']",https://icml.cc/virtual/2020/poster/6727,[]
Bayesian Optimisation over Multiple Continuous and Categorical Inputs,"['Binxin Ru', ' Ahsan Alvi', ' Vu Nguyen', ' Michael A Osborne', ' Stephen Roberts']",https://icml.cc/virtual/2020/poster/6248,[]
Private Reinforcement Learning with PAC and Regret Guarantees,"['Giuseppe Vietri', ' Borja de Balle Pigem', ' Akshay Krishnamurthy', ' Steven Wu']",https://icml.cc/virtual/2020/poster/6152,[]
Random extrapolation for primal-dual coordinate descent,"['Ahmet Alacaoglu', ' Olivier Fercoq', ' Volkan Cevher']",https://icml.cc/virtual/2020/poster/6151,[]
Explainable and Discourse Topic-aware Neural Language Understanding,"['Yatin Chaudhary', ' Hinrich Schuetze', ' Pankaj Gupta']",https://icml.cc/virtual/2020/poster/6656,[]
When Demands Evolve Larger and Noisier: Learning and Earning in a Growing Environment,"['Feng Zhu', ' Zeyu Zheng']",https://icml.cc/virtual/2020/poster/6361,[]
Teaching with Limited Information on the Learner's Behaviour,"['Ferdinando Cicalese', ' Francisco Sergio de Freitas Filho', ' Eduardo Laber', ' Marco Molinaro']",https://icml.cc/virtual/2020/poster/5913,[]
A Simple Framework for Contrastive Learning of Visual Representations,"['Ting Chen', ' Simon Kornblith', ' Mohammad Norouzi', ' Geoffrey Hinton']",https://icml.cc/virtual/2020/poster/6762,[]
Black-box Certification and Learning under Adversarial Perturbations,"['Hassan Ashtiani', ' Vinayak Pathak', ' Ruth Urner']",https://icml.cc/virtual/2020/poster/6708,[]
GradientDICE: Rethinking Generalized Offline Estimation of Stationary Values,"['Shangtong Zhang', ' Bo Liu', ' Shimon Whiteson']",https://icml.cc/virtual/2020/poster/5836,[]
Adversarial Nonnegative Matrix Factorization,"['lei luo', ' yanfu Zhang', ' Heng Huang']",https://icml.cc/virtual/2020/poster/6634,[]
Full Law Identification in Graphical Models of Missing Data: Completeness Results,"['Razieh Nabi', ' Rohit Bhattacharya', ' Ilya Shpitser']",https://icml.cc/virtual/2020/poster/5983,[]
Oracle Efficient Private Non-Convex Optimization,"['Seth Neel', ' Aaron Roth', ' Giuseppe Vietri', ' Steven Wu']",https://icml.cc/virtual/2020/poster/5815,[]
Linear Convergence of Randomized Primal-Dual Coordinate Method for Large-scale Linear Constrained Convex Programming,"['Daoli Zhu', ' Lei Zhao']",https://icml.cc/virtual/2020/poster/5813,[]
Bidirectional Model-based Policy Optimization,"['Hang Lai', ' Jian Shen', ' Weinan Zhang', ' Yong Yu']",https://icml.cc/virtual/2020/poster/6797,[]
Fair Learning with Private Demographic Data,"['Hussein Mozannar', ' Mesrob Ohannessian', ' Nati Srebro']",https://icml.cc/virtual/2020/poster/6499,[]
Tails of Lipschitz Triangular Flows,"['Priyank Jaini', ' Ivan Kobyzev', ' Yaoliang Yu', ' Marcus Brubaker']",https://icml.cc/virtual/2020/poster/6006,[]
Familywise Error Rate Control by Interactive Unmasking,"['Boyan Duan', ' Aaditya Ramdas', ' Larry Wasserman']",https://icml.cc/virtual/2020/poster/6595,[]
R2-B2: Recursive Reasoning-Based Bayesian Optimization for No-Regret Learning in Games,"['Zhongxiang Dai', ' Yizhou Chen', ' Bryan Kian Hsiang Low', ' Patrick Jaillet', ' Teck-Hua Ho']",https://icml.cc/virtual/2020/poster/6746,[]
Convergence Rates of Variational Inference in Sparse Deep Learning,['Badr-Eddine Chérief-Abdellatif'],https://icml.cc/virtual/2020/poster/6099,[]
Preference Modeling with Context-Dependent Salient Features,"['Amanda Bower', ' Laura Balzano']",https://icml.cc/virtual/2020/poster/6525,[]
Learning Algebraic Multigrid Using Graph Neural Networks,"['Ilay Luz', ' Meirav Galun', ' Haggai Maron', ' Ronen Basri', ' Irad Yavneh']",https://icml.cc/virtual/2020/poster/6369,[]
When Does Self-Supervision Help Graph Convolutional Networks?,"['Yuning You', ' Tianlong Chen', ' Zhangyang Wang', ' Yang Shen']",https://icml.cc/virtual/2020/poster/5947,[]
Description Based Text Classification with Reinforcement Learning,"['Duo Chai', ' Wei Wu', ' Qinghong Han', ' Fei Wu', ' Jiwei Li']",https://icml.cc/virtual/2020/poster/6081,[]
Strategyproof Mean Estimation from Multiple-Choice Questions,"['Anson Kahng', ' Gregory Kehne', ' Ariel Procaccia']",https://icml.cc/virtual/2020/poster/6049,[]
Sparse Convex Optimization via Adaptively Regularized Hard Thresholding,"['Kyriakos Axiotis', ' Maxim Sviridenko']",https://icml.cc/virtual/2020/poster/6777,[]
Divide and Conquer: Leveraging Intermediate Feature Representations for Quantized Training of Neural Networks,"['Ahmed T. Elthakeb', ' Prannoy Pilligundla', ' FatemehSadat Mireshghallah', ' Alexander Cloninger', ' Hadi Esmaeilzadeh']",https://icml.cc/virtual/2020/poster/6676,[]
Restarted Bayesian Online Change-point Detector achieves Optimal Detection Delay,"['REDA ALAMI', ' Odalric-Ambrym Maillard', ' Raphaël Féraud']",https://icml.cc/virtual/2020/poster/6442,[]
k-means++: few more steps yield constant approximation,"['Davin Choo', ' Christoph Grunau', ' Julian Portmann', ' Vaclav Rozhon']",https://icml.cc/virtual/2020/poster/6421,[]
Batch Reinforcement Learning with Hyperparameter Gradients,"['Byung-Jun Lee', ' Jongmin Lee', ' Peter Vrancx', ' Dongho Kim', ' Kee-Eung Kim']",https://icml.cc/virtual/2020/poster/6388,[]
Multi-fidelity Bayesian Optimization with Max-value Entropy Search and its Parallelization,"['Shion Takeno', ' Hitoshi Fukuoka', ' Yuhki Tsukada', ' Toshiyuki Koyama', ' Motoki Shiga', ' Ichiro Takeuchi', ' Masayuki Karasuyama']",https://icml.cc/virtual/2020/poster/6780,[]
Spectral Graph Matching and Regularized Quadratic Relaxations: Algorithm and Theory,"['Zhou Fan', ' Cheng Mao', ' Yihong Wu', ' Jiaming Xu']",https://icml.cc/virtual/2020/poster/6051,[]
Efficient Identification in Linear Structural Causal Models with Auxiliary Cutsets,"['Daniel Kumor', ' Carlos Cinelli', ' Elias Bareinboim']",https://icml.cc/virtual/2020/poster/6613,[]
Alleviating Privacy Attacks via Causal Learning,"['Shruti Tople', ' Amit Sharma', ' Aditya Nori']",https://icml.cc/virtual/2020/poster/6346,[]
Uncertainty Estimation Using a Single Deep Deterministic Neural Network,"['Joost van Amersfoort', ' Lewis Smith', ' Yee-Whye Teh', ' Yarin Gal']",https://icml.cc/virtual/2020/poster/6512,[]
Learning with Good Feature Representations in Bandits and in RL with a Generative Model,"['Tor Lattimore', ' Csaba Szepesvari', ' Gellért Weisz']",https://icml.cc/virtual/2020/poster/6647,[]
Entropy Minimization In Emergent Languages,"['Eugene Kharitonov', ' Rahma Chaabouni', ' Diane Bouchacourt', ' Marco Baroni']",https://icml.cc/virtual/2020/poster/6017,[]
Variance Reduction and Quasi-Newton for Particle-Based Variational Inference,"['Michael Zhu', ' Chang Liu', ' Jun Zhu']",https://icml.cc/virtual/2020/poster/6650,[]
"Interpretable, Multidimensional, Multimodal Anomaly Detection with Negative Sampling for Detection of Device Failure",['John Sipple'],https://icml.cc/virtual/2020/poster/6171,[]
Neural Clustering Processes,"['Ari Pakman', ' Yueqi Wang', ' Catalin Mitelut', ' JinHyung Lee', ' Department of Statistics Liam Paninski']",https://icml.cc/virtual/2020/poster/6425,[]
Moniqua: Modulo Quantized Communication in Decentralized SGD,"['Yucheng Lu', ' Christopher De Sa']",https://icml.cc/virtual/2020/poster/5885,[]
Streaming Coresets for Symmetric Tensor Factorization,"['Supratim Shit', ' Rachit Chhaya', ' Jayesh Choudhari', ' Anirban Dasgupta']",https://icml.cc/virtual/2020/poster/6366,[]
Bootstrap Latent-Predictive Representations for Multitask Reinforcement Learning,"['Zhaohan Guo', ' Bernardo Avila Pires', ' Bilal Piot', ' Jean-Bastien Grill', ' Florent Altché', ' Remi Munos', ' Mohammad Gheshlaghi Azar']",https://icml.cc/virtual/2020/poster/6472,[]
Responsive Safety in Reinforcement Learning by PID Lagrangian Methods,"['Adam Stooke', ' Joshua Achiam', ' Pieter Abbeel']",https://icml.cc/virtual/2020/poster/6173,[]
Enhanced POET: Open-ended Reinforcement Learning through Unbounded Invention of Learning Challenges and their Solutions,"['Rui Wang', ' Joel Lehman', ' Aditya Rawal', ' Jiale Zhi', ' Yulun Li', ' Jeffrey Clune', ' Kenneth Stanley']",https://icml.cc/virtual/2020/poster/6544,[]
Dual Mirror Descent for Online Allocation Problems,"['Santiago Balseiro', ' Haihao Lu', ' Vahab Mirrokni']",https://icml.cc/virtual/2020/poster/6241,[]
Differentiable Likelihoods for Fast Inversion of 'Likelihood-Free' Dynamical Systems,"['Hans Kersting', ' Nicholas Krämer', ' Martin Schiegg', ' Christian Daniel', ' Michael Schober', ' Philipp Hennig']",https://icml.cc/virtual/2020/poster/6011,[]
Online Multi-Kernel Learning with Graph-Structured Feedback,"['Pouya M Ghari', ' Yanning Shen']",https://icml.cc/virtual/2020/poster/6811,[]
Learning Selection Strategies in Buchberger’s Algorithm,"['Dylan Peifer', ' Michael Stillman', ' Daniel Halpern-Leistner']",https://icml.cc/virtual/2020/poster/6742,[]
Beyond Synthetic Noise: Deep Learning on Controlled Noisy Labels,"['Lu Jiang', ' Di Huang', ' Mason Liu', ' Weilong Yang']",https://icml.cc/virtual/2020/poster/6558,[]
Laplacian Regularized Few-Shot Learning,"['Imtiaz Ziko', ' Jose Dolz', ' Eric Granger', ' Ismail Ben Ayed']",https://icml.cc/virtual/2020/poster/6480,[]
InfoGAN-CR and ModelCentrality: Self-supervised Model Training and Selection for Disentangling GANs,"['Zinan Lin', ' Kiran Thekumparampil', ' Giulia Fanti', ' Sewoong Oh']",https://icml.cc/virtual/2020/poster/6490,[]
Interpolation between Residual and Non-Residual Networks,"['Zonghan Yang', ' Yang Liu', ' Chenglong Bao', ' Zuoqiang Shi']",https://icml.cc/virtual/2020/poster/6829,[]
Learning to Encode Position for Transformer with Continuous Dynamical Model,"['Xuanqing Liu', ' Hsiang-Fu Yu', ' Inderjit Dhillon', ' Cho-Jui Hsieh']",https://icml.cc/virtual/2020/poster/5906,[]
Implicit Geometric Regularization for Learning Shapes,"['Amos Gropp', ' Lior Yariv', ' Niv Haim', ' Matan Atzmon', ' Yaron Lipman']",https://icml.cc/virtual/2020/poster/6096,[]
A distributional view on multi-objective policy optimization,"['Abbas Abdolmaleki', ' Sandy Huang', ' Leonard Hasenclever', ' Michael Neunert', ' Francis Song', ' Martina Zambelli', ' Murilo Martins', ' Nicolas Heess', ' Raia Hadsell', ' Martin Riedmiller']",https://icml.cc/virtual/2020/poster/6838,[]
DRWR: A Differentiable Renderer without Rendering for Unsupervised 3D Structure Learning from Silhouette Images,"['Zhizhong Han', ' Chao Chen', ' Yushen Liu', ' Matthias Zwicker']",https://icml.cc/virtual/2020/poster/5786,[]
Learning Flat Latent Manifolds with VAEs,"['Nutan Chen', ' Alexej Klushyn', ' Francesco Ferroni', ' Justin Bayer', ' Patrick van der Smagt']",https://icml.cc/virtual/2020/poster/6374,[]
Model-Based Reinforcement Learning with Value-Targeted Regression,"['Alex Ayoub', ' Zeyu Jia', ' Csaba Szepesvari', ' Mengdi Wang', ' Lin Yang']",https://icml.cc/virtual/2020/poster/6705,[]
Revisiting Training Strategies and Generalization Performance in Deep Metric Learning,"['Karsten Roth', ' Timo Milbich', ' Samrath Sinha', ' Prateek Gupta', ' Bjorn Ommer', ' Joseph Paul Cohen']",https://icml.cc/virtual/2020/poster/6045,[]
Learning Factorized Weight Matrix for Joint Filtering,"['Xiangyu Xu', ' Yongrui Ma', ' Wenxiu Sun']",https://icml.cc/virtual/2020/poster/5833,[]
Informative Dropout for Robust Representation Learning: A Shape-bias Perspective,"['Baifeng Shi', ' Dinghuai Zhang', ' Qi Dai', ' Zhanxing Zhu', ' Yadong Mu', ' Jingdong Wang']",https://icml.cc/virtual/2020/poster/5839,[]
Understanding and Mitigating the Tradeoff between Robustness and Accuracy,"['Aditi Raghunathan', ' Sang Michael Xie', ' Fanny Yang', ' John Duchi', ' Percy Liang']",https://icml.cc/virtual/2020/poster/6801,[]
Logistic Regression for Massive Data with Rare Events,['HaiYing Wang'],https://icml.cc/virtual/2020/poster/6536,[]
The Differentiable Cross-Entropy Method,"['Brandon Amos', ' Denis Yarats']",https://icml.cc/virtual/2020/poster/6662,[]
Constructive Universal High-Dimensional Distribution Generation through Deep ReLU Networks,"['Dmytro Perekrestenko', ' Stephan Müller', ' Helmut Bölcskei']",https://icml.cc/virtual/2020/poster/6841,[]
Projective Preferential Bayesian Optimization,"['Petrus Mikkola', ' Milica Todorović', ' Jari Järvi', ' Patrick Rinke', ' Samuel Kaski']",https://icml.cc/virtual/2020/poster/6141,[]
Improving Transformer Optimization Through Better Initialization,"['Xiao Shi Huang', ' Felipe Perez', ' Jimmy Ba', ' Maksims Volkovs']",https://icml.cc/virtual/2020/poster/6684,[]
Online Learning with Imperfect Hints,"['Aditya Bhaskara', ' Ashok Cutkosky', ' Ravi Kumar', ' Manish Purohit']",https://icml.cc/virtual/2020/poster/6350,[]
Minimax Rate for Learning From Pairwise Comparisons in the BTL Model,"['Julien Hendrickx', ' Alex Olshevsky', ' Venkatesh Saligrama']",https://icml.cc/virtual/2020/poster/6147,[]
Kernel interpolation with continuous volume sampling,"['Ayoub Belhadji', ' Rémi Bardenet', ' Pierre Chainais']",https://icml.cc/virtual/2020/poster/6612,[]
Randomized Block-Diagonal Preconditioning for Parallel Learning,"['Celestine Mendler-Dünner', ' Aurelien Lucchi']",https://icml.cc/virtual/2020/poster/5769,[]
MoNet3D: Towards Accurate Monocular 3D Object Localization in Real Time,"['XICHUAN ZHOU', ' YiCong Peng', ' Chunqiao Long', ' Fengbo Ren', ' Cong Shi']",https://icml.cc/virtual/2020/poster/5865,[]
On Second-Order Group Influence Functions for Black-Box Predictions,"['Samyadeep Basu', ' Xuchen You', ' Soheil Feizi']",https://icml.cc/virtual/2020/poster/6464,[]
Interferometric Graph Transform: a Deep Unsupervised Graph Representation,['Edouard Oyallon'],https://icml.cc/virtual/2020/poster/6148,[]
A Nearly-Linear Time Algorithm for Exact Community Recovery in Stochastic Block Model,"['Peng Wang', ' Zirui Zhou', ' Anthony Man-Cho So']",https://icml.cc/virtual/2020/poster/6810,[]
Reward-Free Exploration for Reinforcement Learning,"['Chi Jin', ' Akshay Krishnamurthy', ' Max Simchowitz', ' Tiancheng Yu']",https://icml.cc/virtual/2020/poster/6285,[]
Sparsified Linear Programming for Zero-Sum Equilibrium Finding,"['Brian Zhang', ' Tuomas Sandholm']",https://icml.cc/virtual/2020/poster/6015,[]
Minimax-Optimal Off-Policy Evaluation with Linear Function Approximation,"['Yaqi Duan', ' Zeyu Jia', ' Mengdi Wang']",https://icml.cc/virtual/2020/poster/6543,[]
Learning Opinions in Social Networks,"['Vincent Conitzer', ' Debmalya Panigrahi', ' Hanrui Zhang']",https://icml.cc/virtual/2020/poster/6035,[]
Bayesian Learning from Sequential Data using Gaussian Processes with Signature Covariances,"['Csaba Toth', ' Harald Oberhauser']",https://icml.cc/virtual/2020/poster/6407,[]
Tuning-free Plug-and-Play Proximal Algorithm for Inverse Imaging Problems,"['Kaixuan Wei', ' Angelica I Aviles-Rivero', ' Jingwei Liang', ' Ying Fu', ' Carola-Bibiane Schönlieb', ' Hua Huang']",https://icml.cc/virtual/2020/poster/6447,[]
Evolutionary Topology Search for Tensor Network Decomposition,"['Chao Li', ' Zhun Sun']",https://icml.cc/virtual/2020/poster/6158,[]
Towards Accurate Post-training Network Quantization via Bit-Split and Stitching,"['Peisong Wang', ' Qiang Chen', ' Xiangyu He', ' Jian Cheng']",https://icml.cc/virtual/2020/poster/5787,[]
Kernel Methods for Cooperative Multi-Agent Contextual Bandits,"['Abhimanyu Dubey', "" Alex `Sandy' Pentland""]",https://icml.cc/virtual/2020/poster/5805,[]
Safe Deep Semi-Supervised Learning for Unseen-Class Unlabeled Data,"['Lan-Zhe Guo', ' Zhen-Yu Zhang', ' Yuan Jiang', ' Yufeng Li', ' Zhi-Hua Zhou']",https://icml.cc/virtual/2020/poster/6319,[]
Fast OSCAR and OWL Regression via Safe Screening Rules,"['Runxue Bao', ' Bin Gu', ' Heng Huang']",https://icml.cc/virtual/2020/poster/5874,[]
Towards non-parametric drift detection via Dynamic Adapting Window Independence Drift Detection (DAWIDD),"['Fabian Hinder', ' André Artelt', ' CITEC Barbara Hammer']",https://icml.cc/virtual/2020/poster/6126,[]
On the Unreasonable Effectiveness of the Greedy Algorithm: Greedy Adapts to Sharpness,"['Sebastian Pokutta', ' Mohit Singh', ' Alfredo Torrico']",https://icml.cc/virtual/2020/poster/5870,[]
Towards Understanding the Regularization of Adversarial Robustness on Neural Networks,"['Yuxin Wen', ' Shuai Li', ' Kui Jia']",https://icml.cc/virtual/2020/poster/5922,[]
One Size Fits All: Can We Train One Denoiser for All Noise Levels?,"['Abhiram Gnanasambandam', ' Stanley Chan']",https://icml.cc/virtual/2020/poster/5896,[]
Choice Set Optimization Under Discrete Choice Models of Group Decisions,"['Kiran Tomlinson', ' Austin Benson']",https://icml.cc/virtual/2020/poster/6069,[]
T-Basis: a Compact Representation for Neural Networks,"['Anton Obukhov', ' Maxim Rakhuba', ' Stamatios Georgoulis', ' Menelaos Kanakis', ' Dengxin Dai', ' Luc Van Gool']",https://icml.cc/virtual/2020/poster/6594,[]
Provable Representation Learning for Imitation Learning via Bi-level Optimization,"['Sanjeev Arora', ' Simon Du', ' Sham Kakade', ' Yuping Luo', ' Nikunj Umesh Saunshi']",https://icml.cc/virtual/2020/poster/6457,[]
Error-Bounded Correction of Noisy Labels,"['Songzhu Zheng', ' Pengxiang Wu', ' Aman Goswami', ' Mayank Goswami', ' Dimitris Metaxas', ' Chao Chen']",https://icml.cc/virtual/2020/poster/6161,[]
Why bigger is not always better: on finite and infinite neural networks,['Laurence Aitchison'],https://icml.cc/virtual/2020/poster/6384,[]
Distinguishing Cause from Effect Using Quantiles: Bivariate Quantile Causal Discovery,"['Natasa Tagasovska', ' Valérie Chavez-Demoulin', ' Thibault Vatter']",https://icml.cc/virtual/2020/poster/6405,[]
Deep Isometric Learning for Visual Recognition,"['Haozhi Qi', ' Chong You', ' Xiaolong Wang', ' Yi Ma', ' Jitendra Malik']",https://icml.cc/virtual/2020/poster/6255,[]
How to Train Your Neural ODE: the World of Jacobian and Kinetic Regularization,"['Chris Finlay', ' Joern-Henrik Jacobsen', ' Levon Nurbekyan', ' Adam Oberman']",https://icml.cc/virtual/2020/poster/6601,[]
"Expert Learning through Generalized Inverse Multiobjective Optimization: Models, Insights, and Algorithms","['Chaosheng Dong', ' Bo Zeng']",https://icml.cc/virtual/2020/poster/5887,[]
Perceptual Generative Autoencoders,"['Zijun Zhang', ' Ruixiang ZHANG', ' Zongpeng Li', ' Yoshua Bengio', ' Liam Paull']",https://icml.cc/virtual/2020/poster/5921,[]
On Efficient Low Distortion Ultrametric Embedding,"['Vincent Cohen-Addad', ' Karthik C. S.', ' Guillaume Lagarde']",https://icml.cc/virtual/2020/poster/6216,[]
Revisiting Spatial Invariance with Low-Rank Local Connectivity,"['Gamaleldin Elsayed', ' Prajit Ramachandran', ' Jon Shlens', ' Simon Kornblith']",https://icml.cc/virtual/2020/poster/5859,[]
WaveFlow: A Compact Flow-based Model for Raw Audio,"['Wei Ping', ' Kainan Peng', ' Kexin Zhao', ' Zhao Song']",https://icml.cc/virtual/2020/poster/5857,[]
Random Hypervolume Scalarizations for Provable Multi-Objective Black Box Optimization,"['Richard Zhang', ' Daniel Golovin']",https://icml.cc/virtual/2020/poster/6583,[]
VideoOneNet: Bidirectional Convolutional Recurrent OneNet with Trainable Data Steps for Video Processing,"['Zoltán Á. Milacski', ' Barnabás Póczos', ' Andras Lorincz']",https://icml.cc/virtual/2020/poster/6579,[]
Deep Graph Random Process for Relational-Thinking-Based Speech Recognition,"['Huang Hengguan', ' Fuzhao Xue', ' Hao Wang', ' Ye Wang']",https://icml.cc/virtual/2020/poster/6322,[]
Composable Sketches for Functions of Frequencies: Beyond the Worst Case,"['Edith Cohen', ' Ofir Geri', ' Rasmus Pagh']",https://icml.cc/virtual/2020/poster/6124,[]
Identifying Statistical Bias in Dataset Replication,"['Logan Engstrom', ' Andrew Ilyas', ' Shibani Santurkar', ' Dimitris Tsipras', ' Jacob Steinhardt', ' Aleksander Madry']",https://icml.cc/virtual/2020/poster/6807,[]
Emergence of Separable Manifolds in Deep Language Representations,"['Jonathan Mamou', ' Hang Le', ' Miguel A del Rio Fernandez', ' Cory Stephenson', ' Hanlin Tang', ' Yoon Kim', ' SueYeon Chung']",https://icml.cc/virtual/2020/poster/6793,[]
Too Relaxed to Be Fair,"['Michael Lohaus', ' Michaël Perrot', ' Ulrike von Luxburg']",https://icml.cc/virtual/2020/poster/5842,[]
PDO-eConvs: Partial Differential Operator Based Equivariant Convolutions,"['Zhengyang Shen', ' Lingshen He', ' Zhouchen Lin', ' Jinwen Ma']",https://icml.cc/virtual/2020/poster/6749,[]
Private Query Release Assisted by Public Data,"['Raef Bassily', ' Albert Cheu', ' Shay Moran', ' Aleksandar Nikolov', ' Jonathan Ullman', ' Steven Wu']",https://icml.cc/virtual/2020/poster/6329,[]
Identifying the Reward Function by Anchor Actions,"['Sinong Geng', ' Houssam Nassif', ' Charlie Manzanares', ' Max Reppen', ' Ronnie Sircar']",https://icml.cc/virtual/2020/poster/6529,[]
Gradient Temporal-Difference Learning with Regularized Corrections,"['Sina Ghiassian', ' Andrew Patterson', ' Shivam Garg', ' Dhawal Gupta', ' Adam White', ' Martha White']",https://icml.cc/virtual/2020/poster/6067,[]
Learning Robot Skills with Temporal Variational Inference,"['Tanmay Shankar', ' Abhinav Gupta']",https://icml.cc/virtual/2020/poster/6238,[]
Best Arm Identification for Cascading Bandits in the Fixed Confidence Setting,"['Zixin Zhong', ' Wang Chi Cheung', ' Vincent Tan']",https://icml.cc/virtual/2020/poster/5819,[]
Bounding the fairness and accuracy of classifiers from population statistics,"['Sivan Sabato', ' Elad Yom-Tov']",https://icml.cc/virtual/2020/poster/6108,[]
Optimization from Structured Samples for Coverage Functions,"['Wei Chen', ' Xiaoming Sun', ' Jialin Zhang', ' Zhijie Zhang']",https://icml.cc/virtual/2020/poster/6352,[]
How to Solve Fair k-Center in Massive Data Models,"['Ashish Chiplunkar', ' Sagar Kale', ' Sivaramakrishnan Natarajan Ramamoorthy']",https://icml.cc/virtual/2020/poster/6406,[]
Efficient and Scalable Bayesian Neural Nets with Rank-1 Factors,"['Mike Dusenberry', ' Ghassen Jerfel', ' Yeming Wen', ' Yian Ma', ' Jasper Snoek', ' Katherine Heller', ' Balaji Lakshminarayanan', ' Dustin Tran']",https://icml.cc/virtual/2020/poster/6680,[]
Kinematic State Abstraction and Provably Efficient Rich-Observation Reinforcement Learning,"['Dipendra Kumar Misra', ' Mikael Henaff', ' Akshay Krishnamurthy', ' John Langford']",https://icml.cc/virtual/2020/poster/6535,[]
Bandits with Adversarial Scaling,"['Thodoris Lykouris', ' Vahab Mirrokni', ' Renato Leme']",https://icml.cc/virtual/2020/poster/6296,[]
Selective Dyna-style Planning Under Limited Model Capacity,"['Zaheer Abbas', ' Samuel Sokota', ' Erin Talvitie', ' Martha White']",https://icml.cc/virtual/2020/poster/6672,[]
Improving Generative Imagination in Object-Centric World Models,"['Zhixuan Lin', ' Yi-Fu Wu', ' Skand Peri', ' Bofeng Fu', ' Jindong Jiang', ' Sungjin Ahn']",https://icml.cc/virtual/2020/poster/6582,[]
Prediction-Guided Multi-Objective Reinforcement Learning for Continuous Robot Control,"['Jie Xu', ' Yunsheng Tian', ' Pingchuan Ma', ' Daniela Rus', ' Shinjiro Sueda', ' Wojciech Matusik']",https://icml.cc/virtual/2020/poster/5933,[]
Sub-Goal Trees -- a Framework for Goal-Based Reinforcement Learning,"['Tom Jurgenson', ' Or Avner', ' Edward Groshev', ' Aviv Tamar']",https://icml.cc/virtual/2020/poster/6389,[]
Multi-step Greedy Reinforcement Learning Algorithms,"['Manan Tomar', ' Yonathan Efroni', ' Mohammad Ghavamzadeh']",https://icml.cc/virtual/2020/poster/6698,[]
Learning and Sampling of Atomic Interventions from Observations,"['Arnab Bhattacharyya', ' Sutanu Gayen', ' Saravanan Kandasamy', ' Ashwin Maran', ' Vinodchandran N. Variyam']",https://icml.cc/virtual/2020/poster/6800,[]
A Distributional Framework For Data Valuation,"['Amirata Ghorbani', ' Michael Kim', ' James Zou']",https://icml.cc/virtual/2020/poster/6637,[]
Can Increasing Input Dimensionality Improve Deep Reinforcement Learning?,"['Kei Ota', ' Tomoaki Oiki', ' Devesh Jha', ' Toshisada Mariyama', ' Daniel Nikovski']",https://icml.cc/virtual/2020/poster/6387,[]
Learning the Stein Discrepancy for Training and Evaluating Energy-Based Models without Sampling,"['Will Grathwohl', ' Kuan-Chieh Wang', ' Joern-Henrik Jacobsen', ' David Duvenaud', ' Richard Zemel']",https://icml.cc/virtual/2020/poster/6649,[]
Inferring DQN structure for high-dimensional continuous control,"['Andrey Sakryukin', ' Chedy Raissi', ' Mohan Kankanhalli']",https://icml.cc/virtual/2020/poster/6740,[]
Online metric algorithms with untrusted predictions,"['Antonios Antoniadis', ' Christian Coester', ' Marek Elias', ' Adam Polak', ' Bertrand Simon']",https://icml.cc/virtual/2020/poster/6830,[]
Kernelized Stein Discrepancy Tests of Goodness-of-fit for Time-to-Event Data,"['Tamara Fernandez', ' Arthur Gretton', ' Nicolas Rivera', ' Wenkai Xu']",https://icml.cc/virtual/2020/poster/5893,[]
Random Matrix Theory Proves that Deep Learning Representations of GAN-data Behave as Gaussian Mixtures,"['Mohamed El Amine Seddik', ' Cosme Louart', ' Mohamed Tamaazousti', ' Romain COUILLET']",https://icml.cc/virtual/2020/poster/5888,[]
On the (In)tractability of Computing Normalizing Constants for the Product of Determinantal Point Processes,"['Naoto Ohsaka', ' Tatsuya Matsuoka']",https://icml.cc/virtual/2020/poster/6379,[]
p-Norm Flow Diffusion for Local Graph Clustering,"['Kimon Fountoulakis', ' Di Wang', ' Shenghao Yang']",https://icml.cc/virtual/2020/poster/6287,[]
Linear Mode Connectivity and the Lottery Ticket Hypothesis,"['Jonathan Frankle', ' Gintare Karolina Dziugaite', ' Daniel Roy', ' Michael Carbin']",https://icml.cc/virtual/2020/poster/6699,[]
Thompson Sampling via Local Uncertainty,"['Zhendong Wang', ' Mingyuan Zhou']",https://icml.cc/virtual/2020/poster/6757,[]
Learning the piece-wise constant graph structure of a varying Ising model,"['Batiste Le Bars', ' Pierre Humbert', ' Argyris Kalogeratos', ' Nicolas Vayatis']",https://icml.cc/virtual/2020/poster/6175,[]
On Validation and Planning of An Optimal Decision Rule with Application in Healthcare Studies,"['Hengrui Cai', ' Wenbin Lu', ' Rui Song']",https://icml.cc/virtual/2020/poster/5909,[]
LEEP: A New Measure to Evaluate Transferability of Learned Representations,"['Cuong Nguyen', ' Tal Hassner', ' Matthias W Seeger', ' Cedric Archambeau']",https://icml.cc/virtual/2020/poster/6289,[]
Quantum Expectation-Maximization for Gaussian mixture models,"['Alessandro Luongo', ' Iordanis Kerenidis', ' Anupam Prakash']",https://icml.cc/virtual/2020/poster/6102,[]
Topologically Densified Distributions,"['Christoph Hofer', ' Florian Graf', ' Marc Niethammer', ' Roland Kwitt']",https://icml.cc/virtual/2020/poster/6426,[]
Multiresolution Tensor Learning for Efficient and Interpretable Spatial Analysis,"['Jung Yeon Park', ' Kenneth Carr', ' Stephan Zheng', ' Yisong Yue', ' Rose Yu']",https://icml.cc/virtual/2020/poster/6620,[]
Population-Based Black-Box Optimization for Biological Sequence Design,"['Christof Angermueller', ' David Belanger', ' Andreea Gane', ' Zelda Mariet', ' David Dohan', ' Kevin Murphy', ' Lucy Colwell', ' D. Sculley']",https://icml.cc/virtual/2020/poster/6792,[]
Distance Metric Learning with Joint Representation Diversification,"['Xu Chu', ' Yang Lin', ' Yasha Wang', ' Xiting Wang', ' Hailong Yu', ' Xin Gao', ' Qi Tong']",https://icml.cc/virtual/2020/poster/6438,[]
Implicit Regularization of Random Feature Models,"['Arthur Jacot', ' Berfin Simsek', ' Francesco Spadaro', ' Clement Hongler', ' Franck Gabriel']",https://icml.cc/virtual/2020/poster/6454,[]
Transformation of ReLU-based recurrent neural networks from discrete-time to continuous-time,"['Zahra Monfared', ' Daniel Durstewitz']",https://icml.cc/virtual/2020/poster/6095,[]
Enhancing Simple Models by Exploiting What They Already Know,"['Amit Dhurandhar', ' Karthikeyan Shanmugam', ' Ronny Luss']",https://icml.cc/virtual/2020/poster/5779,[]
Learning Autoencoders with Relational Regularization,"['Hongteng Xu', ' Dixin Luo', ' Ricardo Henao', ' Svati Shah', ' Lawrence Carin']",https://icml.cc/virtual/2020/poster/6186,[]
Bayesian Graph Neural Networks with Adaptive Connection Sampling,"['Arman Hasanzadeh', ' Ehsan Hajiramezanali', ' Shahin Boluki', ' Mingyuan Zhou', ' Nick Duffield', ' Krishna Narayanan', ' Xiaoning Qian']",https://icml.cc/virtual/2020/poster/6755,[]
Pretrained Generalized Autoregressive Model with Adaptive Probabilistic Label Clusters for Extreme Multi-label Text Classification,"['Hui Ye', ' Zhiyu Chen', ' Da-Han Wang', ' Brian D Davison']",https://icml.cc/virtual/2020/poster/5882,[]
Discriminative Adversarial Search for Abstractive Summarization,"['Thomas Scialom', ' Paul-Alexis Dray', ' Sylvain Lamprier', ' Benjamin Piwowarski', ' Jacopo Staiano']",https://icml.cc/virtual/2020/poster/6473,[]
Hierarchical Verification for Adversarial Robustness,"['Cong Han Lim', ' Raquel Urtasun', ' Ersin Yumer']",https://icml.cc/virtual/2020/poster/6055,[]
DessiLBI: Exploring Structural Sparsity of Deep Networks via Differential Inclusion Paths,"['Yanwei Fu', ' Chen Liu', ' Donghao Li', ' Xinwei Sun', ' Jinshan ZENG', ' Yuan Yao']",https://icml.cc/virtual/2020/poster/6087,[]
From PAC to Instance-Optimal Sample Complexity in the Plackett-Luce Model,"['Aadirupa Saha', ' Aditya Gopalan']",https://icml.cc/virtual/2020/poster/5831,[]
Few-shot Relation Extraction via Bayesian Meta-learning on Relation Graphs,"['Meng Qu', ' Tianyu Gao', ' Louis-Pascal Xhonneux', ' Jian Tang']",https://icml.cc/virtual/2020/poster/6686,[]
Certified Data Removal from Machine Learning Models,"['Chuan Guo', ' Tom Goldstein', ' Awni Hannun', ' Laurens van der Maaten']",https://icml.cc/virtual/2020/poster/5895,[]
Approximating Stacked and Bidirectional Recurrent Architectures with the Delayed Recurrent Neural Network,"['Javier Turek', ' Shailee Jain', ' Vy Vo', ' Mihai Capotă', ' Alexander Huth', ' Theodore Willke']",https://icml.cc/virtual/2020/poster/6693,[]
Learning the Valuations of a $k$-demand Agent,"['Hanrui Zhang', ' Vincent Conitzer']",https://icml.cc/virtual/2020/poster/5807,[]
Nested Subspace Arrangement for Representation of Relational Data,"['Nozomi Hata', ' Shizuo Kaji', ' Akihiro Yoshida', ' Katsuki Fujisawa']",https://icml.cc/virtual/2020/poster/6106,[]
Graph Random Neural Features for Distance-Preserving Graph Representations,"['Daniele Zambon', ' Cesare Alippi', ' Lorenzo Livi']",https://icml.cc/virtual/2020/poster/6027,[]
The Cost-free Nature of Optimally Tuning Tikhonov Regularizers and Other Ordered Smoothers,"['Pierre C Bellec', ' Dana Yang']",https://icml.cc/virtual/2020/poster/5916,[]
"It's Not What Machines Can Learn, It's What We Cannot Teach","['Gal Yehuda', ' Moshe Gabel', ' Assaf Schuster']",https://icml.cc/virtual/2020/poster/6434,[]
From Sets to Multisets: Provable Variational Inference for Probabilistic Integer Submodular Models,"['Aytunc Sahin', ' Yatao Bian', ' Joachim Buhmann', ' Andreas Krause']",https://icml.cc/virtual/2020/poster/6677,[]
A Tree-Structured Decoder for Image-to-Markup Generation,"['Jianshu Zhang', ' Jun Du', ' Yongxin Yang', ' Yi-Zhe Song', ' Si Wei', ' Lirong Dai']",https://icml.cc/virtual/2020/poster/6332,[]
Sequential Transfer in Reinforcement Learning with a Generative Model,"['Andrea Tirinzoni', ' Riccardo Poiani', ' Marcello Restelli']",https://icml.cc/virtual/2020/poster/6567,[]
Missing Data Imputation using Optimal Transport,"['Boris Muzellec', ' Julie Josse', ' Claire Boyer', ' Marco Cuturi']",https://icml.cc/virtual/2020/poster/6455,[]
Q-value Path Decomposition for Deep Multiagent Reinforcement Learning,"['Yaodong Yang', ' Jianye Hao', ' Guangyong Chen', ' Hongyao Tang', ' Yingfeng Chen', ' Yujing Hu', ' Changjie Fan', ' Zhongyu Wei']",https://icml.cc/virtual/2020/poster/6337,[]
On Breaking Deep Generative Model-based Defenses and Beyond,"['Yanzhi Chen', ' Renjie Xie', ' Zhanxing Zhu']",https://icml.cc/virtual/2020/poster/6115,[]
Searching to Exploit Memorization Effect in Learning with Noisy Labels,"['QUANMING YAO', ' Hansi Yang', ' Bo Han', ' Gang Niu', ' James Kwok']",https://icml.cc/virtual/2020/poster/6326,[]
Hallucinative Topological Memory for Zero-Shot Visual Planning,"['Kara Liu', ' Thanard Kurutach', ' Christine Tung', ' Pieter Abbeel', ' Aviv Tamar']",https://icml.cc/virtual/2020/poster/6571,[]
The Boomerang Sampler,"['Joris Bierkens', ' Sebastiano Grazzi', ' Kengo Kamatani', ' Gareth Roberts']",https://icml.cc/virtual/2020/poster/6487,[]
Adversarial Risk via Optimal Transport and Optimal Couplings,"['Muni Sreenivas Pydi', ' Varun Jog']",https://icml.cc/virtual/2020/poster/6263,[]
Feature Quantization Improves GAN Training,"['Yang Zhao', ' Chunyuan Li', ' Ping Yu', ' Jianfeng Gao', ' Changyou Chen']",https://icml.cc/virtual/2020/poster/6569,[]
ControlVAE: Controllable Variational Autoencoder,"['Huajie Shao', ' Shuochao Yao', ' Dachun Sun', ' Aston Zhang', ' Shengzhong Liu', ' Dongxin Liu', ' Jun Wang', ' Tarek Abdelzaher']",https://icml.cc/virtual/2020/poster/6510,[]
Data Valuation using Reinforcement Learning,"['Jinsung Yoon', ' Sercan Arik', ' Tomas Pfister']",https://icml.cc/virtual/2020/poster/6276,[]
The Implicit Regularization of Stochastic Gradient Flow for Least Squares,"['Alnur Ali', ' Edgar Dobriban', ' Ryan Tibshirani']",https://icml.cc/virtual/2020/poster/6211,[]
Spectral Frank-Wolfe Algorithm: Strict Complementarity and Linear Convergence,"['Lijun Ding', ' Yingjie Fei', ' Qiantong Xu', ' Chengrun Yang']",https://icml.cc/virtual/2020/poster/6737,[]
Temporal Logic Point Processes,"['Shuang Li', ' Lu Wang', ' Ruizhi Zhang', ' xiaofu Chang', ' Xuqin Liu', ' Yao Xie', ' Yuan Qi', ' Le Song']",https://icml.cc/virtual/2020/poster/6570,[]
Manifold Identification for Ultimately Communication-Efficient Distributed Optimization,"['Yu-Sheng Li', ' Wei-Lin Chiang', ' Ching-pei Lee']",https://icml.cc/virtual/2020/poster/6360,[]
Unlabelled Data Improves Bayesian Uncertainty Calibration under Covariate Shift,"['Alexander Chan', ' Ahmed Alaa', ' Zhaozhi Qian', ' Mihaela van der Schaar']",https://icml.cc/virtual/2020/poster/6244,[]
Scalable Differentiable Physics for Learning and Control,"['Yi-Ling Qiao', ' Junbang Liang', ' Vladlen Koltun', ' Ming Lin']",https://icml.cc/virtual/2020/poster/5767,[]
On Learning Language-Invariant Representations for Universal Machine Translation,"['Han Zhao', ' Junjie Hu', ' Andrej Risteski']",https://icml.cc/virtual/2020/poster/6658,[]
Up or Down? Adaptive Rounding for Post-Training Quantization,"['Markus Nagel', ' Rana Ali Amjad', ' Marinus van Baalen', ' Christos Louizos', ' Tijmen Blankevoort']",https://icml.cc/virtual/2020/poster/6482,[]
Provable Self-Play Algorithms for Competitive Reinforcement Learning,"['Yu Bai', ' Chi Jin']",https://icml.cc/virtual/2020/poster/6303,[]
Learning to Navigate The Synthetically Accessible Chemical Space Using Reinforcement Learning,"['Sai Krishna Gottipati', ' Boris Sattarov', ' Sufeng Niu', ' Yashaswi Pathak', ' Haoran Wei', ' Shengchao Liu', ' Shengchao Liu', ' Simon Blackburn', ' Karam Thomas', ' Connor Coley', ' Jian Tang', ' Sarath Chandar', ' Yoshua Bengio']",https://icml.cc/virtual/2020/poster/6767,[]
Federated Learning with Only Positive Labels,"['Felix Xinnan Yu', ' Ankit Singh Rawat', ' Aditya Menon', ' Sanjiv Kumar']",https://icml.cc/virtual/2020/poster/6592,[]
Control Frequency Adaptation via Action Persistence in Batch Reinforcement Learning,"['Alberto Maria Metelli', ' Flavio Mazzolini', ' Lorenzo Bisi', ' Luca Sabbioni', ' Marcello Restelli']",https://icml.cc/virtual/2020/poster/6146,[]
The Role of Regularization in Classification of High-dimensional Noisy Gaussian Mixture,"['Francesca Mignacco', ' Florent Krzakala', ' Yue Lu', ' Pierfrancesco Urbani', ' Lenka Zdeborova']",https://icml.cc/virtual/2020/poster/6492,[]
Optimal transport mapping via input convex neural networks,"['Ashok Vardhan Makkuva', ' Amirhossein Taghvaei', ' Sewoong Oh', ' Jason Lee']",https://icml.cc/virtual/2020/poster/6233,[]
VFlow: More Expressive Generative Flows with Variational Data Augmentation,"['Jianfei Chen', ' Cheng Lu', ' Biqi Chenli', ' Jun Zhu', ' Tian Tian']",https://icml.cc/virtual/2020/poster/6019,[]
Convex Representation Learning for Generalized Invariance in Semi-Inner-Product Space,"['Yingyi Ma', ' Vignesh Ganapathiraman', ' Yaoliang Yu', ' Xinhua Zhang']",https://icml.cc/virtual/2020/poster/6355,[]
Educating Text Autoencoders: Latent Representation Guidance via Denoising,"['Tianxiao Shen', ' Jonas Mueller', ' Regina Barzilay', ' Tommi Jaakkola']",https://icml.cc/virtual/2020/poster/6616,[]
On Efficient Constructions of Checkpoints,"['Yu Chen', ' Zhenming LIU', ' Bin Ren', ' Xin Jin']",https://icml.cc/virtual/2020/poster/6599,[]
From ImageNet to Image Classification: Contextualizing Progress on Benchmarks,"['Dimitris Tsipras', ' Shibani Santurkar', ' Logan Engstrom', ' Andrew Ilyas', ' Aleksander Madry']",https://icml.cc/virtual/2020/poster/6803,[]
All in the Exponential Family: Bregman Duality in Thermodynamic Variational Inference,"['Rob Brekelmans', ' Vaden Masrani', ' Frank Wood', ' Greg Ver Steeg', ' Aram Galstyan']",https://icml.cc/virtual/2020/poster/6234,[]
Reverse-engineering deep ReLU networks,"['David Rolnick', ' Konrad Kording']",https://icml.cc/virtual/2020/poster/5765,[]
What Can Learned Intrinsic Rewards Capture?,"['Zeyu Zheng', ' Junhyuk Oh', ' Matteo Hessel', ' Zhongwen Xu', ' Manuel Kroiss', ' Hado van Hasselt', ' David Silver', ' Satinder Singh']",https://icml.cc/virtual/2020/poster/6150,[]
The Implicit and Explicit Regularization Effects of Dropout,"['Colin Wei', ' Sham Kakade', ' Tengyu Ma']",https://icml.cc/virtual/2020/poster/6763,[]
Fiedler Regularization: Learning Neural Networks with Graph Sparsity,"['Edric Tam', ' David Dunson']",https://icml.cc/virtual/2020/poster/6349,[]
Efficient Intervention Design for Causal Discovery with Latents,"['Raghavendra Addanki', ' Shiva Kasiviswanathan', ' Andrew McGregor', ' Cameron Musco']",https://icml.cc/virtual/2020/poster/5894,[]
"Semismooth Newton Algorithm for Efficient Projections onto $\ell_{1, \infty}$-norm Ball","['Dejun Chu', ' Changshui Zhang', ' Shiliang Sun', ' Qing Tao']",https://icml.cc/virtual/2020/poster/5958,[]
Learning with Bounded Instance- and Label-dependent Label Noise,"['Jiacheng Cheng', ' Tongliang Liu', ' Kotagiri Ramamohanarao', ' Dacheng Tao']",https://icml.cc/virtual/2020/poster/6059,[]
Robustness to Spurious Correlations via Human Annotations,"['Megha Srivastava', ' Tatsunori Hashimoto', ' Percy Liang']",https://icml.cc/virtual/2020/poster/6818,[]
"Efficient Robustness Certificates for Discrete Data: Sparsity-Aware Randomized Smoothing for Graphs, Images and More","['Aleksandar Bojchevski', ' Johannes Klicpera', ' Stephan Günnemann']",https://icml.cc/virtual/2020/poster/6848,[]
Cooperative Multi-Agent Bandits with Heavy Tails,"['Abhimanyu Dubey', "" Alex `Sandy' Pentland""]",https://icml.cc/virtual/2020/poster/5806,[]
Policy Teaching via Environment Poisoning: Training-time Adversarial Attacks against Reinforcement Learning,"['Amin Rakhsha', ' Goran Radanovic', ' Rati Devidze', ' Jerry Zhu', ' Adish Singla']",https://icml.cc/virtual/2020/poster/5957,[]
Simple and sharp analysis of k-means||,['Vaclav Rozhon'],https://icml.cc/virtual/2020/poster/6495,[]
Training Linear Neural Networks: Non-Local Convergence and Complexity Results,['Armin Eftekhari'],https://icml.cc/virtual/2020/poster/5908,[]
Guided Learning of Nonconvex Models through Successive Functional Gradient Optimization,"['Rie Johnson', ' Tong Zhang']",https://icml.cc/virtual/2020/poster/6435,[]
Poisson Learning: Graph Based Semi-Supervised Learning At Very Low Label Rates,"['Jeff Calder', ' Brendan Cook', ' Matthew Thorpe', ' Dejan Slepcev']",https://icml.cc/virtual/2020/poster/6566,[]
PoWER-BERT: Accelerating BERT Inference via Progressive Word-vector Elimination,"['Saurabh Goyal', ' Anamitra Roy Choudhury', ' Saurabh Raje', ' Venkatesan Chakaravarthy', ' Yogish Sabharwal', ' Ashish Verma']",https://icml.cc/virtual/2020/poster/6835,[]
A Pairwise Fair and Community-preserving Approach to k-Center Clustering,"['Brian Brubach', ' Darshan Chakrabarti', ' John P Dickerson', ' Samir Khuller', ' Aravind Srinivasan', ' Leonidas Tsepenekas']",https://icml.cc/virtual/2020/poster/6673,[]
Modulating Surrogates for Bayesian Optimization,"['Erik Bodin', ' Markus Kaiser', ' Ieva Kazlauskaite', ' Zhenwen Dai', ' Neill Campbell', ' Carl Henrik Ek']",https://icml.cc/virtual/2020/poster/6028,[]
Non-Autoregressive Neural Text-to-Speech,"['Kainan Peng', ' Wei Ping', ' Zhao Song', ' Kexin Zhao']",https://icml.cc/virtual/2020/poster/6714,[]
Double-Loop Unadjusted Langevin Algorithm,"['Paul Rolland', ' Armin Eftekhari', ' Ali Kavis', ' Volkan Cevher']",https://icml.cc/virtual/2020/poster/6167,[]
CoMic: Complementary Task Learning & Mimicry for Reusable Skills,"['Leonard Hasenclever', ' Fabio Pardo', ' Raia Hadsell', ' Nicolas Heess', ' Josh Merel']",https://icml.cc/virtual/2020/poster/6587,[]
Budgeted Online Influence Maximization,"['Pierre Perrault', ' Jennifer Healey', ' Zheng Wen', ' Michal Valko']",https://icml.cc/virtual/2020/poster/6378,[]
Fast Learning of Graph Neural Networks with Guaranteed Generalizability: One-hidden-layer Case,"['shuai zhang', ' Meng Wang', ' Sijia Liu', ' Pin-Yu Chen', ' Jinjun Xiong']",https://icml.cc/virtual/2020/poster/6527,[]
SGD Learns One-Layer Networks in WGANs,"['Qi Lei', ' Jason Lee', ' Alexandros Dimakis', ' Constantinos Daskalakis']",https://icml.cc/virtual/2020/poster/6584,[]
The Impact of Neural Network Overparameterization on Gradient Confusion and Stochastic Gradient Descent,"['Karthik Abinav Sankararaman', ' Soham De', ' Zheng Xu', ' W. Ronny Huang', ' Tom Goldstein']",https://icml.cc/virtual/2020/poster/6681,[]
Stochastic Optimization for Non-convex Inf-Projection Problems,"['Yan Yan', ' Yi Xu', ' Lijun Zhang', ' Wang Xiaoyu', ' Tianbao Yang']",https://icml.cc/virtual/2020/poster/6354,[]
